DateTime,open,high,low,close,openScl,highScl,lowScl,closeScl,Vol,BidAsk,vwap,vwapS
2022-10-20 04:20:00,11056.75,11061.0,11052.0,11059.75,-1.1295949698512455,-1.0801507431998563,-1.1848561643439748,-1.094693162803206,334,4,11076.067255558386,-0.9048592611190954
2022-10-20 04:22:00,11058.5,11063.5,11054.25,11059.25,-1.1092355824065558,-1.0510659039931567,-1.158679809057945,-1.100510130644546,321,19,11075.967428956461,-0.906020637385316
2022-10-20 04:24:00,11058.75,11060.0,11050.0,11052.25,-1.106327098485886,-1.091784678882536,-1.2081240357093346,-1.181947680423305,292,-46,11075.857262708052,-0.9073023044336993
2022-10-20 04:26:00,11052.25,11054.75,11047.5,11051.5,-1.181947680423305,-1.1528628412166053,-1.2372088749160342,-1.1906731321853148,291,-10,11075.72843500519,-0.9088010776429337
2022-10-20 04:28:00,11051.0,11051.0,11043.25,11048.25,-1.1964901000266546,-1.1964901000266546,-1.2866531015674234,-1.2284834231540243,338,-40,11075.556419471925,-0.9108022952933872
2022-10-20 04:30:00,11047.25,11049.75,11042.0,11048.25,-1.240117358836704,-1.2110325196300045,-1.3011955211707733,-1.2284834231540243,213,-39,11075.444358526685,-0.9121060051228321
2022-10-20 04:32:00,11047.25,11059.75,11046.5,11055.25,-1.240117358836704,-1.094693162803206,-1.248842810598714,-1.1470458733752653,607,217,11075.2067769711,-0.914870013659903
2022-10-20 04:34:00,11055.75,11062.0,11053.25,11058.25,-1.1412289055339253,-1.0685168075171765,-1.170313744740625,-1.1121440663272257,333,78,11075.104701692906,-0.9160575508812042
2022-10-20 04:36:00,11059.0,11072.25,11058.0,11069.0,-1.1034186145652158,-0.949268966769708,-1.1150525502478958,-0.9870792577384175,473,79,11075.023076257998,-0.9170071759409977
2022-10-20 04:38:00,11068.5,11068.75,11061.0,11063.25,-0.9928962255797574,-0.9899877416590874,-1.0801507431998563,-1.0539743879138266,370,-89,11074.958560996563,-0.9177577423430721
2022-10-20 04:40:00,11064.5,11069.75,11060.5,11060.75,-1.0394319683104767,-0.9783538059764076,-1.085967711041196,-1.0830592271205262,306,63,11074.907129183332,-0.9183560967502563
2022-10-20 04:42:00,11061.5,11072.75,11061.5,11070.5,-1.0743337753585163,-0.9434519989283681,-1.0743337753585163,-0.9696283542143977,385,70,11074.856253502234,-0.918947981151971
2022-10-20 04:44:00,11069.75,11072.75,11067.0,11071.0,-0.9783538059764076,-0.9434519989283681,-1.010347129103777,-0.9638113863730579,295,35,11074.831425506032,-0.9192368284629046
2022-10-20 04:46:00,11070.5,11074.0,11067.25,11070.5,-0.9696283542143977,-0.9289095793250183,-1.0074386451831072,-0.9696283542143977,228,9,11074.81528343488,-0.9194246242804625
2022-10-20 04:48:00,11070.25,11074.5,11068.0,11071.0,-0.9725368381350676,-0.9230926114836784,-0.9987131934210973,-0.9638113863730579,293,17,11074.7977875291,-0.9196281705230198
2022-10-20 04:50:00,11071.75,11074.75,11063.75,11064.25,-0.955085934611048,-0.9201841275630084,-1.0481574200724866,-1.0423404522311468,316,-7,11074.768580377522,-0.9199679646459582
2022-10-20 04:52:00,11064.5,11065.0,11059.25,11062.5,-1.0394319683104767,-1.033615000469137,-1.100510130644546,-1.0626998396758365,315,-121,11074.702573419736,-0.9207358853474553
2022-10-20 04:54:00,11063.0,11065.25,11053.25,11056.5,-1.0568828718344965,-1.030706516548467,-1.170313744740625,-1.1325034537719156,269,-42,11074.633988235682,-0.9215338009675142
2022-10-20 04:56:00,11056.5,11059.25,11052.25,11052.75,-1.1325034537719156,-1.100510130644546,-1.181947680423305,-1.1761307125819649,258,-58,11074.553941099153,-0.9224650642054693
2022-10-20 04:58:00,11053.25,11056.75,11048.75,11054.75,-1.170313744740625,-1.1295949698512455,-1.2226664553126843,-1.1528628412166053,313,-8,11074.442387377816,-0.9237628730246827
2022-10-20 05:00:00,11054.25,11060.5,11050.25,11053.75,-1.158679809057945,-1.085967711041196,-1.2052155517886645,-1.164496776899285,362,32,11074.330226275593,-0.9250677480740372
2022-10-20 05:02:00,11053.25,11058.25,11050.75,11057.75,-1.170313744740625,-1.1121440663272257,-1.1993985839473247,-1.1179610341685657,234,54,11074.255109350212,-0.9259416535526009
2022-10-20 05:04:00,11057.75,11059.25,11052.75,11058.5,-1.1179610341685657,-1.100510130644546,-1.1761307125819649,-1.1092355824065558,281,44,11074.172445814196,-0.926903355813902
2022-10-20 05:06:00,11058.0,11066.0,11056.5,11061.25,-1.1150525502478958,-1.0219810647864571,-1.1325034537719156,-1.0772422592791864,462,85,11074.076949069853,-0.9280143587955065
2022-10-20 05:08:00,11061.25,11069.25,11059.5,11067.0,-1.0772422592791864,-0.9841707738177475,-1.097601646723876,-1.010347129103777,227,33,11074.041848622976,-0.928422715136908
2022-10-20 05:10:00,11067.75,11071.5,11059.75,11064.75,-1.0016216773417672,-0.9579944185317179,-1.094693162803206,-1.0365234843898068,415,-6,11073.986543881316,-0.9290661269443334
2022-10-20 05:12:00,11064.0,11066.75,11060.0,11063.0,-1.0452489361518167,-1.0132556130244472,-1.091784678882536,-1.0568828718344965,209,-17,11073.95154494382,-0.9294733023321144
2022-10-20 05:14:00,11063.25,11067.75,11062.0,11065.75,-1.0539743879138266,-1.0016216773417672,-1.0685168075171765,-1.024889548707127,148,28,11073.9303954909,-0.929719353707113
2022-10-20 05:16:00,11065.5,11075.0,11064.0,11073.5,-1.027798032627797,-0.9172756436423384,-1.0452489361518167,-0.9347265471663582,362,83,11073.905288205642,-0.9300114502489704
2022-10-20 05:18:00,11073.5,11079.25,11068.75,11069.0,-0.9347265471663582,-0.8678314169909491,-0.9899877416590874,-0.9870792577384175,448,34,11073.90594782825,-0.9300037762419758
2022-10-20 05:20:00,11069.5,11073.0,11067.25,11070.0,-0.9812622898970775,-0.9405435150076982,-1.0074386451831072,-0.9754453220557376,151,49,11073.897093149495,-0.9301067910050987
2022-10-20 05:22:00,11070.5,11074.5,11062.5,11063.25,-0.9696283542143977,-0.9230926114836784,-1.0626998396758365,-1.0539743879138266,354,-9,11073.867623127824,-0.9304496433417806
2022-10-20 05:24:00,11063.5,11063.75,11059.5,11060.25,-1.0510659039931567,-1.0481574200724866,-1.097601646723876,-1.0888761949618662,265,-28,11073.817784502888,-0.9310294626988064
2022-10-20 05:26:00,11059.25,11067.25,11057.75,11067.0,-1.100510130644546,-1.0074386451831072,-1.1179610341685657,-1.010347129103777,259,28,11073.772932445872,-0.9315512686453605
2022-10-20 05:28:00,11067.25,11070.0,11064.75,11066.25,-1.0074386451831072,-0.9754453220557376,-1.0365234843898068,-1.019072580865787,212,-29,11073.752245794378,-0.931791935818335
2022-10-20 05:30:00,11067.0,11074.75,11066.25,11070.5,-1.010347129103777,-0.9201841275630084,-1.019072580865787,-0.9696283542143977,304,6,11073.737236416633,-0.9319665539536661
2022-10-20 05:32:00,11070.5,11089.0,11070.0,11086.75,-0.9696283542143977,-0.7544005440848206,-0.9754453220557376,-0.7805768993708503,588,105,11073.788222814066,-0.9313733814852355
2022-10-20 05:34:00,11087.25,11093.0,11082.75,11085.5,-0.7747599315295104,-0.7078648013541012,-0.8271126421015697,-0.7951193189742001,419,16,11073.876478438351,-0.9303466212286736
2022-10-20 05:36:00,11086.0,11095.0,11085.25,11094.5,-0.7893023511328602,-0.6845969299887416,-0.7980278028948701,-0.6904138978300814,262,49,11073.939884941912,-0.9296089540443698
2022-10-20 05:38:00,11094.5,11095.75,11085.25,11087.25,-0.6904138978300814,-0.6758714782267317,-0.7980278028948701,-0.7747599315295104,343,-19,11074.024056058563,-0.9286297126869187
2022-10-20 05:40:00,11087.25,11090.5,11084.5,11089.0,-0.7747599315295104,-0.7369496405608008,-0.80675325465688,-0.7544005440848206,208,-3,11074.065464758978,-0.9281479665295826
2022-10-20 05:42:00,11089.75,11091.75,11081.25,11082.25,-0.7456750923228107,-0.722407220957451,-0.8445635456255894,-0.8329296099429095,364,-42,11074.131972301815,-0.9273742220538108
2022-10-20 05:44:00,11082.5,11093.5,11080.0,11091.5,-0.8300211260222397,-0.7020478335127613,-0.8591059652289392,-0.725315704878121,366,146,11074.199469095745,-0.9265889686944333
2022-10-20 05:46:00,11092.0,11098.5,11090.5,11097.75,-0.7194987370367811,-0.6438781550993621,-0.7369496405608008,-0.652603606861372,330,85,11074.29691022676,-0.9254553448433587
2022-10-20 05:48:00,11097.25,11104.75,11092.0,11103.25,-0.6584205747027119,-0.5711660570826131,-0.7194987370367811,-0.5886169606066328,410,95,11074.43964987493,-0.9237947209571901
2022-10-20 05:50:00,11103.75,11103.75,11090.0,11093.75,-0.5827999927652929,-0.5827999927652929,-0.7427666084021408,-0.6991393495920913,332,-52,11074.54683385377,-0.9225477494411526
2022-10-20 05:52:00,11093.5,11097.75,11091.5,11091.75,-0.7020478335127613,-0.652603606861372,-0.725315704878121,-0.722407220957451,229,-17,11074.612780040734,-0.9217805357434983
2022-10-20 05:54:00,11092.0,11102.0,11091.5,11098.0,-0.7194987370367811,-0.6031593802099827,-0.725315704878121,-0.6496951229407021,412,50,11074.742824450337,-0.9202676074462648
2022-10-20 05:56:00,11097.25,11097.5,11083.0,11083.0,-0.6584205747027119,-0.655512090782042,-0.8242041581808996,-0.8242041581808996,412,-43,11074.833388852663,-0.9192139870144685
2022-10-20 05:58:00,11082.75,11087.25,11082.25,11085.25,-0.8271126421015697,-0.7747599315295104,-0.8329296099429095,-0.7980278028948701,353,-50,11074.882762803425,-0.9186395736469143
2022-10-20 06:00:00,11085.0,11090.25,11081.0,11083.0,-0.80093628681554,-0.7398581244814708,-0.8474720295462593,-0.8242041581808996,282,-39,11074.925320661412,-0.9181444582642909
2022-10-20 06:02:00,11082.75,11084.25,11078.5,11079.75,-0.8271126421015697,-0.8096617385775499,-0.876556868752959,-0.8620144491496092,314,-40,11074.95364710819,-0.9178149102043693
2022-10-20 06:04:00,11079.5,11080.75,11071.5,11079.5,-0.8649229330702791,-0.8503805134669293,-0.9579944185317179,-0.8649229330702791,342,-13,11074.959223659118,-0.9177500329695443
2022-10-20 06:06:00,11079.75,11085.75,11079.25,11082.75,-0.8620144491496092,-0.7922108350535301,-0.8678314169909491,-0.8271126421015697,206,25,11074.980785780714,-0.9174991806337011
2022-10-20 06:08:00,11083.0,11086.0,11073.5,11074.75,-0.8242041581808996,-0.7893023511328602,-0.9347265471663582,-0.9201841275630084,187,-38,11074.99313304721,-0.9173555333294297
2022-10-20 06:10:00,11074.5,11076.5,11071.5,11072.75,-0.9230926114836784,-0.8998247401183187,-0.9579944185317179,-0.9434519989283681,192,-29,11074.990500124271,-0.9173861645855556
2022-10-20 06:12:00,11072.75,11077.5,11072.0,11073.75,-0.9434519989283681,-0.8881908044356388,-0.952177450690378,-0.9318180632456883,166,5,11074.989950129499,-0.9173925631893779
2022-10-20 06:14:00,11073.25,11080.0,11072.25,11078.0,-0.9376350310870282,-0.8591059652289392,-0.949268966769708,-0.8823738365942989,154,42,11074.992353110994,-0.9173646070571947
2022-10-20 06:16:00,11078.25,11079.25,11075.25,11077.25,-0.8794653526736289,-0.8678314169909491,-0.9143671597216685,-0.8910992883563088,115,6,11074.99591665866,-0.9173231489728568
2022-10-20 06:18:00,11077.5,11082.5,11077.5,11079.5,-0.8881908044356388,-0.8300211260222397,-0.8881908044356388,-0.8649229330702791,177,28,11075.008044198592,-0.9171820579532952
2022-10-20 06:20:00,11080.25,11081.0,11074.75,11076.5,-0.8561974813082692,-0.8474720295462593,-0.9201841275630084,-0.8998247401183187,208,6,11075.016186068104,-0.9170873359670726
2022-10-20 06:22:00,11077.5,11088.0,11077.5,11088.0,-0.8881908044356388,-0.7660344797675005,-0.8881908044356388,-0.7660344797675005,246,133,11075.042074896583,-0.9167861470016508
2022-10-20 06:24:00,11087.5,11093.0,11086.5,11092.75,-0.7718514476088404,-0.7078648013541012,-0.7834853832915203,-0.7107732852747712,309,95,11075.103659362847,-0.916069677282072
2022-10-20 06:26:00,11092.5,11096.5,11091.75,11094.0,-0.7136817691954411,-0.6671460264647218,-0.722407220957451,-0.6962308656714215,203,16,11075.155839527028,-0.9154626166080868
2022-10-20 06:28:00,11093.0,11101.0,11092.0,11092.5,-0.7078648013541012,-0.6147933158926625,-0.7194987370367811,-0.7136817691954411,366,58,11075.260887031707,-0.914240500695002
2022-10-20 06:30:00,11092.5,11101.25,11091.5,11096.5,-0.7136817691954411,-0.6118848319719925,-0.725315704878121,-0.6671460264647218,276,-22,11075.338959633986,-0.913332209061518
2022-10-20 06:32:00,11096.25,11103.0,11095.25,11096.0,-0.6700545103853918,-0.5915254445273028,-0.6816884460680717,-0.6729629943060618,288,-10,11075.430383357801,-0.9122685913387903
2022-10-20 06:34:00,11097.25,11105.0,11095.75,11104.75,-0.6584205747027119,-0.5682575731619431,-0.6758714782267317,-0.5711660570826131,247,47,11075.512340875533,-0.911315102848771
2022-10-20 06:36:00,11104.5,11112.75,11102.25,11110.5,-0.574074541003283,-0.47809457162117436,-0.6002508962893127,-0.504270926907204,746,103,11075.826643441382,-0.907658527012798
2022-10-20 06:38:00,11109.75,11112.5,11106.25,11110.0,-0.5129963786692139,-0.4810030555418443,-0.5537151535585934,-0.5100878947485439,424,35,11076.012957287123,-0.9054909637146444
2022-10-20 06:40:00,11110.5,11133.0,11110.0,11132.75,-0.504270926907204,-0.24250737404690753,-0.5100878947485439,-0.2454158579675775,1168,247,11076.69835838225,-0.8975170514571181
2022-10-20 06:42:00,11131.75,11136.25,11124.0,11135.0,-0.2570497936502573,-0.20469708307819803,-0.3472127951910261,-0.21923950268154785,765,20,11077.22047617527,-0.8914427666343445
2022-10-20 06:44:00,11134.0,11139.75,11127.0,11130.25,-0.2308734383642277,-0.1639783081888186,-0.3123109881429866,-0.2745006971742771,590,-61,11077.640549321668,-0.8865556626671024
2022-10-20 06:46:00,11129.75,11129.75,11117.5,11122.0,-0.280317665015617,-0.280317665015617,-0.4228333771284451,-0.3704806665563858,491,-114,11077.92505134764,-0.8832457843953672
2022-10-20 06:48:00,11121.25,11128.75,11115.5,11128.75,-0.3792061183183957,-0.29195160069829684,-0.4461012484938048,-0.29195160069829684,411,77,11078.152777603671,-0.8805964317794428
2022-10-20 06:50:00,11129.5,11147.75,11128.0,11141.25,-0.283226148936287,-0.07090682272737985,-0.30067705246030674,-0.14652740466479883,976,63,11078.874639309952,-0.8721983391167745
2022-10-20 06:52:00,11142.25,11148.0,11140.25,11143.0,-0.13489346898211899,-0.06799833880670988,-0.15816134034747867,-0.1261680172201091,631,112,11079.380580370856,-0.8663122533549742
2022-10-20 06:54:00,11143.75,11178.75,11142.5,11164.75,-0.11744256545809922,0.2897451834356953,-0.131984985061449,0.1268700838781775,2311,492,11081.624048572112,-0.8402118885954475
2022-10-20 06:56:00,11165.25,11169.25,11156.5,11157.0,0.13268705171951742,0.17922279445023678,0.03089011449606878,0.0367070823374087,644,-71,11082.244505478218,-0.8329935328559334
2022-10-20 06:58:00,11156.5,11161.25,11147.0,11159.0,0.03089011449606878,0.08615130898879804,-0.07963227448938973,0.05997495370276839,761,85,11082.887328867737,-0.8255149668869529
2022-10-20 07:00:00,11159.5,11169.75,11148.75,11168.75,0.0657919215441083,0.1850397622915767,-0.059272887044700004,0.17340582660889686,703,63,11083.513018951491,-0.8182357286952607
2022-10-20 07:02:00,11168.75,11178.75,11167.25,11172.75,0.17340582660889686,0.2897451834356953,0.1559549230848771,0.21994156933961623,919,-23,11084.461374355662,-0.8072026229188023
2022-10-20 07:04:00,11173.25,11176.25,11162.0,11163.5,0.22575853718095615,0.2606603442289957,0.09487676075080792,0.11232766427482768,749,-182,11085.186376706377,-0.7987679922007962
2022-10-20 07:06:00,11163.0,11167.25,11156.25,11167.25,0.10651069643348776,0.1559549230848771,0.02798163057539882,0.1559549230848771,503,-42,11085.624161636486,-0.7936748304810703
2022-10-20 07:08:00,11166.5,11168.5,11158.0,11165.5,0.1472294713228672,0.1704973426882269,0.04834101802008855,0.13559553564018736,382,42,11085.959789645844,-0.7897701558068838
2022-10-20 07:10:00,11166.25,11170.75,11162.5,11167.75,0.14432098740219726,0.19667369797425654,0.10069372859214784,0.16177189092621702,371,-25,11086.29709936656,-0.7858459162109277
2022-10-20 07:12:00,11167.75,11188.25,11165.5,11172.25,0.16177189092621702,0.4002675724211538,0.13559553564018736,0.2141246014982763,1551,276,11087.853337930499,-0.7677407368511555
2022-10-20 07:14:00,11173.25,11174.0,11160.0,11170.25,0.22575853718095615,0.23448398894296604,0.07160888938544824,0.19085673013291662,870,-83,11088.608827611555,-0.7589514184928244
2022-10-20 07:16:00,11169.5,11175.0,11166.0,11173.5,0.18213127837090673,0.24611792462564588,0.14141250348152729,0.22866702110162612,507,3,11089.061842607747,-0.7536810711638442
2022-10-20 07:18:00,11173.75,11183.5,11168.0,11174.0,0.23157550502229607,0.34500637792842453,0.16468037484688697,0.23448398894296604,687,-12,11089.706814440582,-0.7461775103435027
2022-10-20 07:20:00,11174.25,11179.25,11164.5,11167.0,0.237392472863636,0.2955621512770352,0.12396159995750752,0.15304643916420713,431,-42,11090.088567717316,-0.7417362172753208
2022-10-20 07:22:00,11167.25,11170.5,11157.0,11158.25,0.1559549230848771,0.19376521405358657,0.0367070823374087,0.05124950194075851,480,-87,11090.467744616506,-0.737324897617784
2022-10-20 07:24:00,11158.5,11164.5,11155.5,11157.25,0.05415798586142847,0.12396159995750752,0.01925617881338894,0.03961556625807866,459,-113,11090.808330754373,-0.7333625403954369
2022-10-20 07:26:00,11157.25,11159.25,11150.75,11151.25,0.03961556625807866,0.06288343762343834,-0.036005015679340314,-0.030188047838000397,617,-83,11091.228226644333,-0.728477498618225
2022-10-20 07:28:00,11151.75,11157.0,11151.25,11152.25,-0.024371079996660473,0.0367070823374087,-0.030188047838000397,-0.018554112155320553,359,9,11091.46670600847,-0.7257030450341964
2022-10-20 07:30:00,11151.5,11161.5,11147.5,11149.0,-0.027279563917330434,0.089059792909468,-0.0738153066480498,-0.056364403124030044,551,-59,11091.831400812735,-0.7214602091375747
2022-10-20 07:32:00,11149.0,11153.25,11139.75,11146.5,-0.056364403124030044,-0.00692017647264071,-0.1639783081888186,-0.08544924233072965,695,-27,11092.227471619635,-0.7168523468443083
2022-10-20 07:34:00,11146.75,11153.0,11143.75,11148.25,-0.08254075841005969,-0.00982866039331067,-0.11744256545809922,-0.06508985488603992,365,-15,11092.440297422478,-0.714376345142434
2022-10-20 07:36:00,11148.0,11148.25,11138.5,11141.5,-0.06799833880670988,-0.06508985488603992,-0.1785207277921684,-0.14361892074412885,429,-56,11092.666210467003,-0.7117480873125318
2022-10-20 07:38:00,11141.25,11144.75,11138.0,11144.25,-0.14652740466479883,-0.10580862977541938,-0.18433769563350832,-0.1116255976167593,363,37,11092.84833034629,-0.7096293163503671
2022-10-20 07:40:00,11144.0,11146.5,11134.25,11135.5,-0.11453408153742926,-0.08544924233072965,-0.22796495444355772,-0.21342253484020793,648,-97,11093.163443632717,-0.7059633086433238
2022-10-20 07:42:00,11135.0,11141.75,11134.75,11136.25,-0.21923950268154785,-0.1407104368234589,-0.2221479866022178,-0.20469708307819803,290,29,11093.296830368074,-0.7044114959432723
2022-10-20 07:44:00,11135.0,11136.5,11124.0,11130.0,-0.21923950268154785,-0.2017885991575281,-0.3472127951910261,-0.27740918109494705,722,-205,11093.56702043627,-0.7012681220677612
2022-10-20 07:46:00,11130.25,11148.75,11128.0,11145.25,-0.2745006971742771,-0.059272887044700004,-0.30067705246030674,-0.09999166193407945,777,212,11093.916847110719,-0.6971982610371557
2022-10-20 07:48:00,11145.75,11147.75,11139.5,11144.25,-0.09417469409273953,-0.07090682272737985,-0.16688679210948856,-0.1116255976167593,648,24,11094.23840607561,-0.6934572647214062
2022-10-20 07:50:00,11144.25,11145.0,11130.75,11140.75,-0.1116255976167593,-0.10290014585474941,-0.26868372933293716,-0.15234437250613875,879,-25,11094.617986145473,-0.6890412546022066
2022-10-20 07:52:00,11140.0,11146.5,11131.5,11145.25,-0.16106982426814864,-0.08544924233072965,-0.2599582775709273,-0.09999166193407945,496,127,11094.834769464085,-0.6865192114163885
2022-10-20 07:54:00,11145.25,11161.5,11142.75,11157.75,-0.09999166193407945,0.089059792909468,-0.12907650114077907,0.04543253409941859,722,141,11095.239231724488,-0.6818137234927845
2022-10-20 07:56:00,11157.0,11161.5,11150.5,11152.0,0.0367070823374087,0.089059792909468,-0.038913499600010275,-0.021462596075990513,587,-64,11095.585997277722,-0.677779475349509
2022-10-20 07:58:00,11152.0,11161.5,11152.0,11159.25,-0.021462596075990513,0.089059792909468,-0.021462596075990513,0.06288343762343834,446,110,11095.850071635317,-0.6747072512577796
2022-10-20 08:00:00,11159.0,11167.25,11153.75,11159.0,0.05997495370276839,0.1559549230848771,-0.0011032086313007877,0.05997495370276839,726,63,11096.301260730388,-0.6694581463450185
2022-10-20 08:02:00,11159.25,11171.25,11159.25,11167.25,0.06288343762343834,0.20249066581559647,0.06288343762343834,0.1559549230848771,399,65,11096.564706107674,-0.666393239769762
2022-10-20 08:04:00,11168.25,11175.0,11166.0,11168.25,0.16758885876755694,0.24611792462564588,0.14141250348152729,0.16758885876755694,602,53,11096.988488783943,-0.6614629793706145
2022-10-20 08:06:00,11167.25,11170.0,11160.75,11161.0,0.1559549230848771,0.18794824621224665,0.08033434114745812,0.08324282506812808,438,-65,11097.272497771793,-0.6581588370726595
2022-10-20 08:08:00,11161.0,11163.25,11145.5,11153.5,0.08324282506812808,0.10941918035415772,-0.09708317801340949,-0.0040116925519707485,860,-2,11097.734361774166,-0.652785540974913
2022-10-20 08:10:00,11152.0,11157.5,11143.5,11144.5,-0.021462596075990513,0.04252405017874862,-0.12035104937876918,-0.10871711369608934,517,-27,11097.989688140542,-0.6498150904503974
2022-10-20 08:12:00,11144.25,11148.25,11143.0,11147.25,-0.1116255976167593,-0.06508985488603992,-0.1261680172201091,-0.07672379056871977,366,-21,11098.152309973975,-0.6479231584996338
2022-10-20 08:14:00,11146.75,11169.25,11145.25,11161.75,-0.08254075841005969,0.17922279445023678,-0.09999166193407945,0.09196827683013796,725,96,11098.549273166935,-0.6433049142443542
2022-10-20 08:16:00,11161.5,11169.25,11157.5,11162.5,0.089059792909468,0.17922279445023678,0.04252405017874862,0.10069372859214784,565,23,11098.886848035465,-0.6393775899357822
2022-10-20 08:18:00,11161.75,11166.25,11159.5,11164.5,0.09196827683013796,0.14432098740219726,0.0657919215441083,0.12396159995750752,469,20,11099.162254056237,-0.6361735340035104
2022-10-20 08:20:00,11163.5,11178.5,11163.5,11178.0,0.11232766427482768,0.28683669951502533,0.11232766427482768,0.2810197316736854,1001,96,11099.816161827424,-0.6285660130511117
2022-10-20 08:22:00,11177.0,11202.75,11175.5,11198.0,0.26938579599100554,0.5689596398200115,0.2519348924669858,0.5136984453272823,2481,450,11101.786595153402,-0.6056421184696816
2022-10-20 08:24:00,11198.0,11205.5,11191.5,11199.0,0.5136984453272823,0.6009529629473811,0.43807786338986326,0.5253323810099622,1534,-37,11103.088166979576,-0.5904997155575785
2022-10-20 08:26:00,11199.5,11201.5,11188.25,11192.25,0.531149348851302,0.5544172202166617,0.4002675724211538,0.44680331515187316,666,35,11103.621355211513,-0.5842966379604592
2022-10-20 08:28:00,11191.5,11195.0,11183.75,11188.5,0.43807786338986326,0.47879663827924274,0.3479148618490945,0.40317605634182374,703,-117,11104.143966780231,-0.5782166085829716
2022-10-20 08:30:00,11188.75,11219.0,11161.0,11211.0,0.40608454026249374,0.758011094663559,0.08324282506812808,0.6649396092021203,3874,526,11106.933655967188,-0.5457615440072404
2022-10-20 08:32:00,11211.5,11213.75,11186.5,11187.5,0.6707565770434601,0.6969329323294898,0.37990818497646406,0.3915421206591439,2540,-450,11108.87758177503,-0.52314603618692
2022-10-20 08:34:00,11188.0,11190.0,11147.25,11150.0,0.39735908850048385,0.42062695986584353,-0.07672379056871977,-0.0447304674413502,3264,-542,11110.437319544753,-0.5050001472921098
2022-10-20 08:36:00,11149.75,11154.0,11116.5,11131.25,-0.04763895136202016,0.001805275289369173,-0.43446731281112494,-0.26286676149159727,3594,-379,11111.130627793975,-0.4969342437123917
2022-10-20 08:38:00,11131.75,11146.5,11126.25,11141.25,-0.2570497936502573,-0.08544924233072965,-0.3210364399049965,-0.14652740466479883,1698,144,11111.459540909893,-0.49310768967660745
2022-10-20 08:40:00,11141.25,11146.5,11118.75,11134.0,-0.14652740466479883,-0.08544924233072965,-0.4082909575250953,-0.2308734383642277,1955,-292,11111.772355380335,-0.48946842624687087
2022-10-20 08:42:00,11134.0,11137.0,11112.25,11113.25,-0.2308734383642277,-0.19597163131618817,-0.48391153946251425,-0.4722776037798344,1419,-158,11111.908767586408,-0.4878814154150884
2022-10-20 08:44:00,11113.25,11117.25,11102.0,11115.25,-0.4722776037798344,-0.42574186104911504,-0.6031593802099827,-0.4490097324144747,2290,21,11111.87030929427,-0.48832883671227945
2022-10-20 08:46:00,11116.0,11117.75,11097.75,11104.5,-0.4402842806524649,-0.41992489320777515,-0.652603606861372,-0.574074541003283,1816,-445,11111.816010899618,-0.48896054074334755
2022-10-20 08:48:00,11105.0,11123.0,11103.0,11117.25,-0.5682575731619431,-0.35884673087370594,-0.5915254445273028,-0.42574186104911504,1693,292,11111.830380441017,-0.488793366422926
2022-10-20 08:50:00,11117.0,11140.0,11115.75,11138.0,-0.42865034496978505,-0.16106982426814864,-0.44319276457313483,-0.18433769563350832,1610,290,11112.013447337462,-0.48666357792404097
2022-10-20 08:52:00,11137.25,11145.75,11133.5,11135.25,-0.1930631473955182,-0.09417469409273953,-0.2366904062055676,-0.21633101876087787,1570,3,11112.31728356556,-0.4831287667882749
2022-10-20 08:54:00,11135.0,11137.75,11112.5,11121.5,-0.21923950268154785,-0.18724617955417827,-0.4810030555418443,-0.37629763439772573,1407,-213,11112.44235353928,-0.48167371075820153
2022-10-20 08:56:00,11121.5,11122.75,11108.75,11114.5,-0.37629763439772573,-0.36175521479437595,-0.5246303143518938,-0.4577351841764846,1248,-167,11112.470757271332,-0.48134326356635015
2022-10-20 08:58:00,11115.5,11117.75,11082.75,11083.75,-0.4461012484938048,-0.41992489320777515,-0.8271126421015697,-0.8154787064188898,2592,-1030,11112.25661746314,-0.4838345523219658
2022-10-20 09:00:00,11084.0,11101.25,11083.75,11099.25,-0.8125702224982199,-0.6118848319719925,-0.8154787064188898,-0.6351527033373522,1655,81,11112.038021132787,-0.48637768796975894
2022-10-20 09:02:00,11099.0,11104.0,11082.75,11092.0,-0.6380611872580222,-0.579891508844623,-0.8271126421015697,-0.7194987370367811,1616,-35,11111.838546007117,-0.48869836875210076
2022-10-20 09:04:00,11092.0,11110.25,11090.0,11109.0,-0.7194987370367811,-0.507179410827874,-0.7427666084021408,-0.5217218304312238,1127,240,11111.751879254994,-0.4897066441721183
2022-10-20 09:06:00,11108.5,11119.0,11097.5,11110.75,-0.5275387982725637,-0.4053824736044253,-0.655512090782042,-0.5013624429865341,1380,148,11111.720437733002,-0.4900724328167539
2022-10-20 09:08:00,11111.25,11123.75,11106.75,11123.0,-0.49554547514519415,-0.3501212791116961,-0.5478981857172535,-0.35884673087370594,1040,229,11111.744159595712,-0.4897964541917071
2022-10-20 09:10:00,11123.25,11123.5,11107.0,11109.0,-0.355938246953036,-0.35302976303236605,-0.5449897017965835,-0.5217218304312238,841,-228,11111.763110449794,-0.48957598117416873
2022-10-20 09:12:00,11109.5,11121.0,11104.5,11109.5,-0.5159048625898839,-0.3821146022390656,-0.574074541003283,-0.5159048625898839,1230,51,11111.770851401678,-0.48948592343783365
2022-10-20 09:14:00,11109.75,11122.5,11106.0,11118.25,-0.5129963786692139,-0.3646636987150459,-0.5566236374792632,-0.4141079253664352,882,74,11111.78471755425,-0.4893246055106425
2022-10-20 09:16:00,11119.5,11129.5,11116.25,11123.75,-0.3995655057630854,-0.283226148936287,-0.4373757967317949,-0.3501212791116961,983,191,11111.853421573385,-0.4885253073708925
2022-10-20 09:18:00,11123.5,11125.0,11116.0,11120.0,-0.35302976303236605,-0.33557885950834626,-0.4402842806524649,-0.39374853792174547,804,-57,11111.897012026511,-0.488018178842845
2022-10-20 09:20:00,11121.25,11129.75,11117.75,11124.0,-0.3792061183183957,-0.280317665015617,-0.41992489320777515,-0.3472127951910261,809,-98,11111.956835267329,-0.4873221991068509
2022-10-20 09:22:00,11123.75,11127.5,11120.5,11126.5,-0.3501212791116961,-0.3064940203016467,-0.3879315700804056,-0.3181279559843265,478,48,11111.99264234798,-0.4869056218335641
2022-10-20 09:24:00,11126.0,11128.0,11106.25,11113.75,-0.3239449238256664,-0.30067705246030674,-0.5537151535585934,-0.4664606359384945,1087,-232,11112.02711068549,-0.48650461941187917
2022-10-20 09:26:00,11114.0,11116.25,11109.0,11112.75,-0.46355215201782457,-0.4373757967317949,-0.5217218304312238,-0.47809457162117436,621,38,11112.029395880007,-0.48647803360584835
2022-10-20 09:28:00,11113.0,11116.5,11105.5,11111.25,-0.4751860877005044,-0.43446731281112494,-0.5624406053206032,-0.49554547514519415,1542,-121,11112.019718110207,-0.48659062415724724
2022-10-20 09:30:00,11111.75,11161.5,11103.5,11143.75,-0.4897285073038542,0.089059792909468,-0.5857084766859629,-0.11744256545809922,9096,415,11113.095821972804,-0.47407130103191464
2022-10-20 09:32:00,11144.25,11156.25,11120.25,11147.75,-0.1116255976167593,0.02798163057539882,-0.3908400540010755,-0.07090682272737985,6381,-426,11113.990046380122,-0.463667951791295
2022-10-20 09:34:00,11148.0,11156.75,11107.5,11117.25,-0.06799833880670988,0.03379859841673874,-0.5391727339552436,-0.42574186104911504,6195,-990,11114.5950657009,-0.4566291959265928
2022-10-20 09:36:00,11118.0,11134.5,11099.0,11117.75,-0.4170164092871052,-0.22505647052288777,-0.6380611872580222,-0.41992489320777515,4501,-100,11114.646063693866,-0.4560358885564772
2022-10-20 09:38:00,11116.5,11138.75,11106.25,11107.25,-0.43446731281112494,-0.17561224387149843,-0.5537151535585934,-0.5420812178759135,4123,281,11114.812710355403,-0.454097132014405
2022-10-20 09:40:00,11107.25,11141.25,11091.0,11136.25,-0.5420812178759135,-0.14652740466479883,-0.7311326727194609,-0.20469708307819803,4620,203,11114.843186685031,-0.4537425723556795
2022-10-20 09:42:00,11136.75,11150.5,11127.25,11145.5,-0.1988801152368581,-0.038913499600010275,-0.30940250422231663,-0.09708317801340949,4296,257,11115.351185848545,-0.44783254276049356
2022-10-20 09:44:00,11146.5,11182.75,11131.75,11180.25,-0.08544924233072965,0.33628092616641464,-0.2570497936502573,0.30719608695971506,5414,1102,11116.438397461705,-0.4351839927795377
2022-10-20 09:46:00,11180.25,11203.0,11173.0,11194.75,0.30719608695971506,0.5718681237406815,0.2228500532602862,0.4758881543585728,5047,-182,11118.128554782372,-0.41552081121728063
2022-10-20 09:48:00,11194.75,11198.75,11176.0,11192.0,0.4758881543585728,0.5224238970892922,0.2577518603083257,0.4438948312312032,3987,-55,11119.396875775228,-0.40076524636141353
2022-10-20 09:50:00,11191.5,11226.75,11187.0,11221.75,0.43807786338986326,0.8481740962043277,0.385725152817804,0.7900044177909286,6192,511,11121.81642526913,-0.3726163631682997
2022-10-20 09:52:00,11221.5,11229.75,11215.75,11216.5,0.7870959338702586,0.8830759032523673,0.7202008036948495,0.7289262554568594,4656,-120,11123.87285090099,-0.34869203963100104
2022-10-20 09:54:00,11216.25,11220.0,11205.5,11211.75,0.7260177715361894,0.7696450303462388,0.6009529629473811,0.6736650609641301,3349,-227,11125.156514824797,-0.3337579761032624
2022-10-20 09:56:00,11212.25,11225.75,11207.75,11215.25,0.67948202880547,0.8365401605216479,0.6271293182334108,0.7143838358535096,2841,-161,11126.26516140783,-0.3208600530614547
2022-10-20 09:58:00,11215.75,11215.75,11199.5,11202.5,0.7202008036948495,0.7202008036948495,0.531149348851302,0.5660511558993415,2573,-391,11127.147371981002,-0.31059647199457957
2022-10-20 10:00:00,11202.25,11228.0,11193.25,11223.5,0.5631426719786716,0.8627165158076776,0.458437250834553,0.8103638052356182,4776,686,11128.794405428294,-0.2914349908015622
2022-10-20 10:02:00,11223.5,11244.75,11218.75,11235.75,0.8103638052356182,1.0575849384925649,0.755102610742889,0.9528795173484463,5133,507,11130.932250665459,-0.26656343681286804
2022-10-20 10:04:00,11235.75,11264.25,11235.0,11261.75,0.9528795173484463,1.284446684304822,0.9441540655864364,1.2553618450981223,5223,1163,11133.388196207923,-0.23799112433167735
2022-10-20 10:06:00,11261.75,11274.0,11254.5,11267.5,1.2553618450981223,1.3978775572109503,1.1710158113986935,1.3222569752735314,4382,149,11135.62117800415,-0.21201275773375933
2022-10-20 10:08:00,11267.75,11293.25,11258.5,11281.5,1.3251654591942013,1.6218308191025372,1.2175515541294128,1.4851320748310493,5486,1165,11138.554707307589,-0.1778842664943149
2022-10-20 10:10:00,11282.0,11291.0,11277.75,11285.5,1.490949042672389,1.5956544638165078,1.4415048160209998,1.5316678175617686,3932,219,11140.708426927253,-0.1528280309606185
2022-10-20 10:12:00,11285.5,11287.0,11268.0,11270.25,1.5316678175617686,1.5491187210857884,1.3280739431148714,1.3542502984009008,3300,-442,11142.383295271982,-0.1333427203610692
2022-10-20 10:14:00,11270.0,11286.0,11256.25,11284.75,1.351341814480231,1.5374847854031084,1.1913751988433832,1.5229423657997587,4196,3,11144.356867220524,-0.11038231124660358
2022-10-20 10:16:00,11285.0,11290.5,11269.5,11290.5,1.5258508497204286,1.5898374959751678,1.3455248466388912,1.5898374959751678,2917,385,11145.787172310707,-0.0937422338208029
2022-10-20 10:18:00,11290.25,11316.25,11281.25,11311.75,1.5869290120544979,1.8894113398041736,1.4822235909103791,1.8370586292321145,6331,1215,11149.209530772358,-0.053926735594886546
2022-10-20 10:20:00,11311.5,11328.75,11311.25,11326.75,1.8341501453114444,2.0348355358376717,1.8312416613907745,2.011567664472312,5551,723,11152.49551108084,-0.015697852031428133
2022-10-20 10:22:00,11326.75,11327.75,11305.5,11309.25,2.011567664472312,2.0232016001549917,1.7643465312153654,1.807973790025415,3303,-223,11154.353236937965,0.00591481110640029
2022-10-20 10:24:00,11309.0,11320.5,11302.0,11303.25,1.8050653061047448,1.9388555664555631,1.7236277563259859,1.7381701759293358,2990,-323,11155.944508987175,0.024427567780552974
2022-10-20 10:26:00,11303.25,11310.75,11293.0,11297.5,1.7381701759293358,1.8254246935494345,1.6189223351818673,1.6712750457539267,2990,-85,11157.4096991595,0.04147349600828189
2022-10-20 10:28:00,11298.25,11313.0,11297.75,11311.75,1.6800004975159366,1.8516010488354642,1.6741835296745966,1.8370586292321145,2246,312,11158.517299905014,0.054359251843680574
2022-10-20 10:30:00,11312.0,11322.75,11276.75,11278.0,1.8399671131527844,1.9650319217415928,1.42987088033832,1.4444132999416697,5251,-104,11160.9464601567,0.08261994597471944
2022-10-20 10:32:00,11278.25,11279.75,11266.75,11273.75,1.4473217838623398,1.4647726873863594,1.3135315235115215,1.3949690732902804,3696,-57,11162.289776110709,0.09824799738516607
2022-10-20 10:34:00,11273.75,11282.0,11269.25,11276.25,1.3949690732902804,1.490949042672389,1.342616362718221,1.42405391249698,2357,18,11163.147755814214,0.10822967807280597
2022-10-20 10:36:00,11276.25,11285.0,11272.75,11281.75,1.42405391249698,1.5258508497204286,1.3833351376076006,1.4880405587517191,2443,-39,11164.048740088976,0.11871167117648396
2022-10-20 10:38:00,11282.5,11293.0,11281.5,11291.25,1.496766010513729,1.6189223351818673,1.4851320748310493,1.5985629477371777,2391,14,11164.980397428071,0.12955051273781862
2022-10-20 10:40:00,11292.0,11295.25,11262.0,11274.25,1.6072883994991876,1.645098690467897,1.2582703290187922,1.4007860411316202,3119,-310,11166.090498571884,0.14246535804621077
2022-10-20 10:42:00,11274.5,11286.75,11265.0,11282.25,1.4036945250522903,1.5462102371651183,1.2931721360668318,1.4938575265930591,1802,158,11166.706597005954,0.14963300760237547
2022-10-20 10:44:00,11282.75,11291.5,11276.5,11288.25,1.499674494434399,1.6014714316578476,1.4269623964176499,1.563661140689138,1746,182,11167.340929611275,0.1570127923340966
2022-10-20 10:46:00,11288.25,11300.75,11288.25,11299.5,1.563661140689138,1.7090853367226362,1.563661140689138,1.6945429171192863,2067,128,11168.149867889339,0.16642392823234287
2022-10-20 10:48:00,11299.75,11300.25,11287.0,11289.25,1.6974514010399564,1.7032683688812962,1.5491187210857884,1.5752950763718179,1902,-157,11168.880099917691,0.17491940068364095
2022-10-20 10:50:00,11288.75,11300.5,11281.25,11293.0,1.569478108530478,1.7061768528019663,1.4822235909103791,1.6189223351818673,1910,21,11169.588921649747,0.18316578712487228
2022-10-20 10:52:00,11293.5,11299.25,11285.0,11286.25,1.6247393030232073,1.6916344331986164,1.5258508497204286,1.5403932693237785,1455,-31,11170.128893283745,0.18944778238526322
2022-10-20 10:54:00,11286.5,11294.75,11278.0,11284.25,1.5433017532444484,1.639281722626557,1.4444132999416697,1.5171253979584187,2294,-22,11170.930957085882,0.19877894107273714
2022-10-20 10:56:00,11284.0,11315.75,11282.25,11314.5,1.5142169140377488,1.8835943719628339,1.4938575265930591,1.869051952359484,2767,788,11171.98799609241,0.2110764648887637
2022-10-20 10:58:00,11315.0,11318.75,11308.75,11318.0,1.874868920200824,1.9184961790108732,1.802156822184075,1.9097707272488635,2098,30,11172.869640840332,0.22133346318105632
2022-10-20 11:00:00,11318.5,11325.75,11298.5,11301.5,1.9155876950902033,1.9999337287896322,1.6829089814366065,1.717810788484646,3462,-172,11174.284238787577,0.23779080471615355
2022-10-20 11:02:00,11302.25,11305.5,11287.75,11297.5,1.726536240246656,1.7643465312153654,1.557844172847798,1.6712750457539267,2014,22,11175.002968767776,0.2461524630790018
2022-10-20 11:04:00,11297.5,11304.0,11283.75,11300.5,1.6712750457539267,1.7468956276913457,1.5113084301170787,1.7061768528019663,2928,-168,11176.009650842958,0.25786413759457594
2022-10-20 11:06:00,11300.5,11309.25,11295.25,11301.0,1.7061768528019663,1.807973790025415,1.645098690467897,1.711993820643306,1869,307,11176.688397542115,0.26576063303741154
2022-10-20 11:08:00,11301.25,11310.5,11293.5,11308.25,1.714902304563976,1.8225162096287646,1.6247393030232073,1.796339854342735,1667,83,11177.286463984792,0.2727184995654764
2022-10-20 11:10:00,11309.0,11315.0,11299.5,11313.75,1.8050653061047448,1.874868920200824,1.6945429171192863,1.860326500597474,1541,165,11177.857330883862,0.279359928352631
2022-10-20 11:12:00,11313.75,11324.75,11306.25,11322.0,1.860326500597474,1.9882997931069524,1.7730719829773753,1.956306469979583,2181,279,11178.707739975354,0.28925353302702056
2022-10-20 11:14:00,11322.0,11323.5,11300.5,11305.0,1.956306469979583,1.9737573735036025,1.7061768528019663,1.7585295633740254,2197,-159,11179.53218098434,0.2988450266997372
2022-10-20 11:16:00,11304.75,11311.5,11296.25,11299.5,1.7556210794533555,1.8341501453114444,1.6567326261505768,1.6945429171192863,1631,-203,11180.100522863637,0.3054570795692308
2022-10-20 11:18:00,11299.5,11300.0,11282.25,11285.25,1.6945429171192863,1.7003598849606263,1.4938575265930591,1.5287593336410985,2532,-619,11180.882774825039,0.31455774857583324
2022-10-20 11:20:00,11285.5,11289.25,11276.0,11277.75,1.5316678175617686,1.5752950763718179,1.42114542857631,1.4415048160209998,2206,-1,11181.503519709822,0.3217794546407541
2022-10-20 11:22:00,11278.0,11295.75,11277.75,11295.5,1.4444132999416697,1.650915658309237,1.4415048160209998,1.648007174388567,2052,255,11182.097447424943,0.32868917147863286
2022-10-20 11:24:00,11295.25,11298.25,11286.5,11290.25,1.645098690467897,1.6800004975159366,1.5433017532444484,1.5869290120544979,1621,27,11182.586873432554,0.3343831221726194
2022-10-20 11:26:00,11290.0,11290.0,11267.75,11273.0,1.5840205281338278,1.5840205281338278,1.3251654591942013,1.3862436215282705,2459,-322,11183.23079666198,0.3418744836083361
2022-10-20 11:28:00,11272.5,11274.0,11246.25,11264.5,1.3804266536869305,1.3978775572109503,1.0750358420165846,1.2873551682254918,4266,-319,11184.112673031892,0.3521341765759736
2022-10-20 11:30:00,11264.75,11281.0,11262.75,11279.5,1.290263652146162,1.4793151069897092,1.266995780780802,1.4618642034656895,2493,229,11184.696955231773,0.3589316781099131
2022-10-20 11:32:00,11279.5,11292.0,11275.5,11277.25,1.4618642034656895,1.6072883994991876,1.41532846073497,1.4356878481796598,2310,200,11185.304252306434,0.36599693321681215
2022-10-20 11:34:00,11277.25,11293.0,11275.75,11292.25,1.4356878481796598,1.6189223351818673,1.41823694465564,1.6101968834198574,1980,377,11185.822163975372,0.3720222842625356
2022-10-20 11:36:00,11292.75,11307.25,11286.25,11306.25,1.6160138512611975,1.7847059186600551,1.5403932693237785,1.7730719829773753,2465,433,11186.539438167763,0.38036700608365825
2022-10-20 11:38:00,11306.25,11307.0,11296.75,11300.0,1.7730719829773753,1.7817974347393852,1.6625495939919168,1.7003598849606263,1419,-196,11186.967158409036,0.385343075860815
2022-10-20 11:40:00,11299.5,11309.25,11295.0,11303.5,1.6945429171192863,1.807973790025415,1.6421902065472271,1.7410786598500056,1676,33,11187.469366361185,0.39118573087545194
2022-10-20 11:42:00,11303.75,11308.5,11296.75,11300.5,1.7439871437706758,1.799248338263405,1.6625495939919168,1.7061768528019663,1417,-147,11187.892397901118,0.39610725260275886
2022-10-20 11:44:00,11300.25,11300.75,11290.25,11295.0,1.7032683688812962,1.7090853367226362,1.5869290120544979,1.6421902065472271,1192,-272,11188.223908110442,0.3999640210561865
2022-10-20 11:46:00,11294.0,11295.5,11282.25,11285.75,1.6305562708645471,1.648007174388567,1.4938575265930591,1.5345763014824385,1479,-10,11188.60718041967,0.4044229864507123
2022-10-20 11:48:00,11286.0,11304.25,11285.5,11302.25,1.5374847854031084,1.7498041116120155,1.5316678175617686,1.726536240246656,1492,369,11189.013835562155,0.4091539862234165
2022-10-20 11:50:00,11302.0,11309.25,11295.25,11307.75,1.7236277563259859,1.807973790025415,1.645098690467897,1.7905228865013951,1382,124,11189.413791550167,0.41380704846384164
2022-10-20 11:52:00,11308.0,11312.25,11298.5,11305.5,1.793431370422065,1.8428755970734543,1.6829089814366065,1.7643465312153654,1529,-49,11189.86517478227,0.4190584119543692
2022-10-20 11:54:00,11305.5,11307.25,11290.5,11293.75,1.7643465312153654,1.7847059186600551,1.5898374959751678,1.6276477869438772,1531,-215,11190.288404943525,0.4239822444293806
2022-10-20 11:56:00,11294.25,11299.25,11269.5,11273.5,1.6334647547852172,1.6916344331986164,1.3455248466388912,1.3920605893696105,2283,-635,11190.82998459471,0.43028294725831184
2022-10-20 11:58:00,11273.0,11278.75,11266.75,11270.75,1.3862436215282705,1.4531387517036796,1.3135315235115215,1.3600672662422408,1565,-21,11191.151960033352,0.4340287888028735
2022-10-20 12:00:00,11271.5,11275.25,11242.5,11250.75,1.3687927180042507,1.4124199768143002,1.0314085832065354,1.127388552588644,3785,-398,11191.7896534417,0.44144767290087294
2022-10-20 12:02:00,11250.5,11253.75,11240.25,11249.25,1.1244800686679741,1.1622903596366836,1.0052322279205057,1.1099376490646242,2683,-54,11192.15572130236,0.44570648284728326
2022-10-20 12:04:00,11248.25,11253.75,11243.75,11250.25,1.0983037133819444,1.1622903596366836,1.045951002809885,1.121571584747304,1457,15,11192.358765977931,0.4480686915435969
2022-10-20 12:06:00,11250.0,11251.5,11224.0,11227.75,1.1186631008266341,1.136114004350654,0.8161807730769582,0.8598080318870076,3612,-658,11192.758925934604,0.45272412674230333
2022-10-20 12:08:00,11227.75,11227.75,11209.0,11217.5,0.8598080318870076,0.8598080318870076,0.6416717378367606,0.7405601911395392,3768,-88,11192.992358586847,0.45543986720474733
2022-10-20 12:10:00,11217.25,11227.5,11213.75,11221.0,0.7376517072188693,0.8568995479663376,0.6969329323294898,0.7812789660289187,2152,66,11193.135428520904,0.45710433361568015
2022-10-20 12:12:00,11221.0,11221.5,11205.0,11218.5,0.7812789660289187,0.7870959338702586,0.5951359951060412,0.7521941268222191,2552,40,11193.258177184587,0.4585323836741141
2022-10-20 12:14:00,11218.0,11227.75,11211.25,11226.25,0.7463771589808791,0.8598080318870076,0.6678480931227901,0.8423571283629878,1519,308,11193.353150687379,0.4596372992971489
2022-10-20 12:16:00,11226.0,11239.0,11223.75,11233.25,0.8394486444423179,0.9906898083171558,0.8132722891562882,0.9237946781417468,2335,113,11193.563509815303,0.46208460386168926
2022-10-20 12:18:00,11233.75,11238.25,11227.0,11227.0,0.9296116459830867,0.9819643565551459,0.8510825801249977,0.8510825801249977,1214,-60,11193.675546769236,0.4633880345778152
2022-10-20 12:20:00,11227.0,11228.5,11190.5,11190.5,0.8510825801249977,0.8685334836490175,0.4264439277071834,0.4264439277071834,3813,-889,11193.816831236887,0.4650317289874355
2022-10-20 12:22:00,11190.25,11213.5,11188.0,11202.0,0.4235354437865135,0.6940244484088198,0.39735908850048385,0.5602341880580016,2748,158,11193.86115757759,0.4655474187842247
2022-10-20 12:24:00,11202.0,11205.75,11193.0,11197.0,0.5602341880580016,0.6038614468680511,0.45552876691388305,0.5020645096446025,1708,-59,11193.882981521478,0.4658013171437432
2022-10-20 12:26:00,11197.0,11199.0,11181.25,11183.25,0.5020645096446025,0.5253323810099622,0.3188300226423949,0.3420978940077546,2406,-269,11193.862144934483,0.4655589056308079
2022-10-20 12:28:00,11184.0,11197.0,11177.75,11189.75,0.3508233457697645,0.5020645096446025,0.27811124775301543,0.4177184759451736,2608,-183,11193.823389272968,0.4651080247574013
2022-10-20 12:30:00,11189.5,11197.5,11181.5,11196.0,0.4148099920245036,0.5078814774859424,0.32173850656306485,0.4904305739619226,2483,-315,11193.798937418142,0.4648235534510389
2022-10-20 12:32:00,11195.25,11202.75,11193.0,11199.75,0.4817051221999127,0.5689596398200115,0.45552876691388305,0.5340578327719719,1524,2,11193.813037823262,0.4649875966572925
2022-10-20 12:34:00,11199.25,11200.25,11184.25,11191.5,0.528240864930632,0.539874800613312,0.35373182969043443,0.43807786338986326,1573,-155,11193.807476782427,0.46492289986589097
2022-10-20 12:36:00,11190.75,11191.5,11180.5,11184.0,0.4293524116278534,0.43807786338986326,0.310104570880385,0.3508233457697645,1435,-265,11193.782217956204,0.4646290403061982
2022-10-20 12:38:00,11183.75,11186.0,11165.5,11172.25,0.3479148618490945,0.37409121713512417,0.13559553564018736,0.2141246014982763,2960,-360,11193.662680816184,0.46323835290751264
2022-10-20 12:40:00,11172.0,11184.5,11171.75,11180.0,0.21121611757760636,0.3566403136111044,0.2083076336569364,0.3042876030390451,1454,349,11193.612249453648,0.4626516376793759
2022-10-20 12:42:00,11180.25,11184.25,11167.0,11169.25,0.30719608695971506,0.35373182969043443,0.15304643916420713,0.17922279445023678,1585,-200,11193.548831791812,0.46191384068043806
2022-10-20 12:44:00,11170.0,11173.5,11153.5,11153.75,0.18794824621224665,0.22866702110162612,-0.0040116925519707485,-0.0011032086313007877,2615,-492,11193.375053077265,0.4598921102923754
2022-10-20 12:46:00,11154.25,11162.0,11144.75,11148.5,0.004713759210039133,0.09487676075080792,-0.10580862977541938,-0.062181370965369964,3201,-111,11193.09387599589,0.4566209142122041
2022-10-20 12:48:00,11148.5,11167.0,11145.0,11165.0,-0.062181370965369964,0.15304643916420713,-0.10290014585474941,0.12977856779884744,3292,-50,11192.827639622905,0.4535235373725149
2022-10-20 12:50:00,11165.25,11169.5,11159.0,11165.25,0.13268705171951742,0.18213127837090673,0.05997495370276839,0.13268705171951742,1967,-327,11192.705606548408,0.45210381243266656
2022-10-20 12:52:00,11164.75,11173.25,11155.5,11158.75,0.1268700838781775,0.22575853718095615,0.01925617881338894,0.05706646978209843,1939,54,11192.586850368592,0.45072221067476953
2022-10-20 12:54:00,11158.75,11167.25,11153.25,11155.75,0.05706646978209843,0.1559549230848771,-0.00692017647264071,0.0221646627340589,1560,-64,11192.478162098982,0.44945773833664204
2022-10-20 12:56:00,11156.0,11178.0,11154.25,11175.0,0.02507314665472886,0.2810197316736854,0.004713759210039133,0.24611792462564588,1762,431,11192.378494640388,0.44829821353372507
2022-10-20 12:58:00,11175.25,11177.0,11167.5,11175.5,0.24902640854631583,0.26938579599100554,0.15886340700554705,0.2519348924669858,1281,-20,11192.323301806826,0.44765610365790304
2022-10-20 13:00:00,11175.5,11177.0,11159.0,11164.25,0.2519348924669858,0.26938579599100554,0.05997495370276839,0.12105311603683756,1852,-94,11192.2272584084,0.4465387409378817
2022-10-20 13:02:00,11166.0,11183.0,11164.75,11176.5,0.14141250348152729,0.33918941008708464,0.1268700838781775,0.26356882814966565,1886,258,11192.15375755716,0.4456836367619342
2022-10-20 13:04:00,11176.75,11181.0,11163.75,11167.0,0.2664773120703356,0.31592153872172496,0.11523614819549764,0.15304643916420713,1685,-280,11192.083238114585,0.4448632181026224
2022-10-20 13:06:00,11167.0,11170.0,11116.25,11123.0,0.15304643916420713,0.18794824621224665,-0.4373757967317949,-0.35884673087370594,5829,-1668,11191.486744265036,0.4379236470218691
2022-10-20 13:08:00,11122.5,11133.25,11117.5,11127.75,-0.3646636987150459,-0.23959889012623758,-0.4228333771284451,-0.3035855363809767,3245,-27,11191.041350924907,0.43274196954931177
2022-10-20 13:10:00,11127.75,11154.0,11122.75,11148.75,-0.3035855363809767,0.001805275289369173,-0.36175521479437595,-0.059272887044700004,2893,617,11190.726915540394,0.42908384850952924
2022-10-20 13:12:00,11149.25,11151.0,11137.75,11140.25,-0.05345591920336008,-0.033096531758670354,-0.18724617955417827,-0.15816134034747867,1573,-290,11190.576933718137,0.42733896963581275
2022-10-20 13:14:00,11141.0,11142.0,11128.75,11132.25,-0.1494358885854688,-0.13780195290278893,-0.29195160069829684,-0.2512328258089174,1548,-129,11190.401712481853,0.425300457042651
2022-10-20 13:16:00,11132.0,11144.25,11126.75,11133.75,-0.2541413097295874,-0.1116255976167593,-0.3152194720636565,-0.23378192228489764,1958,357,11190.182169319625,0.4227463060137225
2022-10-20 13:18:00,11134.0,11139.25,11127.75,11133.0,-0.2308734383642277,-0.1697952760301585,-0.3035855363809767,-0.24250737404690753,1230,-209,11190.04013826415,0.4210939258493828
2022-10-20 13:20:00,11132.5,11144.0,11125.5,11139.25,-0.24832434188824745,-0.11453408153742926,-0.32976189166700637,-0.1697952760301585,1824,91,11189.835449749948,0.4187125928401607
2022-10-20 13:22:00,11139.75,11155.25,11133.5,11137.5,-0.1639783081888186,0.016347694892718978,-0.2366904062055676,-0.19015466347484825,4029,482,11189.466714228194,0.4144227474961721
2022-10-20 13:24:00,11137.25,11145.0,11130.5,11142.5,-0.1930631473955182,-0.10290014585474941,-0.27159221325360716,-0.131984985061449,1504,-13,11189.31059738594,0.41260649419440976
2022-10-20 13:26:00,11141.75,11149.75,11135.0,11146.25,-0.1407104368234589,-0.04763895136202016,-0.21923950268154785,-0.08835772625139961,1306,167,11189.187887485361,0.41117889510343847
2022-10-20 13:28:00,11145.25,11152.5,11142.0,11146.0,-0.09999166193407945,-0.015645628234650592,-0.13780195290278893,-0.09126621017206957,1322,3,11189.077193440444,0.40989108770440325
2022-10-20 13:30:00,11146.25,11149.0,11125.25,11136.5,-0.08835772625139961,-0.056364403124030044,-0.3326703755876763,-0.2017885991575281,2308,-486,11188.838890572675,0.40711868746779084
2022-10-20 13:32:00,11136.25,11140.5,11128.75,11134.25,-0.20469708307819803,-0.15525285642680872,-0.29195160069829684,-0.22796495444355772,1042,-148,11188.7268515213,0.40581523235014355
2022-10-20 13:34:00,11134.75,11136.75,11126.25,11132.75,-0.2221479866022178,-0.1988801152368581,-0.3210364399049965,-0.2454158579675775,1091,-38,11188.603291770401,0.40437774615521715
2022-10-20 13:36:00,11132.5,11146.25,11131.75,11139.25,-0.24832434188824745,-0.08835772625139961,-0.2570497936502573,-0.1697952760301585,1471,264,11188.45930813645,0.4027026498184602
2022-10-20 13:38:00,11139.0,11140.75,11128.5,11132.75,-0.17270375995082848,-0.15234437250613875,-0.29486008461896684,-0.2454158579675775,1111,-192,11188.341544262425,0.4013325924823153
2022-10-20 13:40:00,11132.25,11132.5,11117.0,11119.0,-0.2512328258089174,-0.24832434188824745,-0.42865034496978505,-0.4053824736044253,2248,-590,11188.061313043001,0.3980724004992665
2022-10-20 13:42:00,11118.75,11137.75,11108.25,11130.5,-0.4082909575250953,-0.18724617955417827,-0.5304472821932337,-0.27159221325360716,2861,442,11187.698458446477,0.39385097346114667
2022-10-20 13:44:00,11131.0,11133.5,11115.0,11116.0,-0.2657752454122672,-0.2366904062055676,-0.45191821633514473,-0.4402842806524649,1589,-151,11187.50253168616,0.3915715741330791
2022-10-20 13:46:00,11116.25,11128.25,11104.25,11110.25,-0.4373757967317949,-0.2977685685396368,-0.576983024923953,-0.507179410827874,3110,-608,11187.074483569255,0.3865916898719223
2022-10-20 13:48:00,11111.0,11113.25,11085.5,11088.5,-0.4984539590658641,-0.4722776037798344,-0.7951193189742001,-0.7602175119261606,4769,-711,11186.273960584316,0.3772784569526462
2022-10-20 13:50:00,11088.25,11097.0,11074.0,11094.25,-0.7631259958468305,-0.6613290586233819,-0.9289095793250183,-0.6933223817507514,5356,120,11185.251353462305,0.36538151146652864
2022-10-20 13:52:00,11093.75,11097.75,11082.75,11093.75,-0.6991393495920913,-0.652603606861372,-0.8271126421015697,-0.6991393495920913,2195,-16,11184.857910399465,0.3608042201786502
2022-10-20 13:54:00,11093.5,11093.75,11079.0,11080.25,-0.7020478335127613,-0.6991393495920913,-0.870739900911619,-0.8561974813082692,1889,-323,11184.50815430431,0.3567351802629932
2022-10-20 13:56:00,11080.0,11093.75,11076.25,11091.25,-0.8591059652289392,-0.6991393495920913,-0.9027332240389886,-0.728224188798791,2238,229,11184.091219916314,0.3518845924091327
2022-10-20 13:58:00,11091.0,11097.75,11087.0,11095.75,-0.7311326727194609,-0.652603606861372,-0.7776684154501803,-0.6758714782267317,1406,69,11183.850429752343,0.34908325512849075
2022-10-20 14:00:00,11096.0,11101.25,11087.5,11093.75,-0.6729629943060618,-0.6118848319719925,-0.7718514476088404,-0.6991393495920913,2215,-103,11183.481883279777,0.3447956091705742
2022-10-20 14:02:00,11093.25,11099.0,11085.5,11093.25,-0.7049563174334313,-0.6380611872580222,-0.7951193189742001,-0.7049563174334313,1329,-44,11183.256970375729,0.34217898691067267
2022-10-20 14:04:00,11092.75,11094.0,11079.0,11089.5,-0.7107732852747712,-0.6962308656714215,-0.870739900911619,-0.7485835762434807,1595,15,11182.971538386846,0.3388582895102279
2022-10-20 14:06:00,11089.5,11097.0,11076.5,11076.75,-0.7485835762434807,-0.6613290586233819,-0.8998247401183187,-0.8969162561976487,1634,-361,11182.681621486814,0.3354854149419304
2022-10-20 14:08:00,11077.5,11078.75,11063.0,11075.75,-0.8881908044356388,-0.873648384832289,-1.0568828718344965,-0.9085501918803286,3759,-633,11181.911978801369,0.3265314414408198
2022-10-20 14:10:00,11075.75,11083.75,11060.75,11061.0,-0.9085501918803286,-0.8154787064188898,-1.0830592271205262,-1.0801507431998563,2048,-411,11181.502237644607,0.3217645391765111
2022-10-20 14:12:00,11060.75,11066.0,11056.25,11059.5,-1.0830592271205262,-1.0219810647864571,-1.1354119376925855,-1.097601646723876,1891,-49,11181.0883678447,0.31694960454339993
2022-10-20 14:14:00,11059.5,11073.5,11054.75,11072.5,-1.097601646723876,-0.9347265471663582,-1.1528628412166053,-0.9463604828490381,2649,125,11180.527742142109,0.31042732117737865
2022-10-20 14:16:00,11072.25,11077.25,11061.5,11072.25,-0.949268966769708,-0.8910992883563088,-1.0743337753585163,-0.949268966769708,1801,369,11180.166696500391,0.306226939403126
2022-10-20 14:18:00,11071.75,11076.0,11068.5,11072.25,-0.955085934611048,-0.9056417079596586,-0.9928962255797574,-0.949268966769708,1183,92,11179.936935678355,0.30355391677716437
2022-10-20 14:20:00,11072.0,11074.5,11056.75,11059.25,-0.952177450690378,-0.9230926114836784,-1.1295949698512455,-1.100510130644546,1803,-180,11179.567207165512,0.29925251903867994
2022-10-20 14:22:00,11058.75,11075.25,11058.25,11062.75,-1.106327098485886,-0.9143671597216685,-1.1121440663272257,-1.0597913557551666,2254,-91,11179.112876137659,0.2939668610819989
2022-10-20 14:24:00,11062.5,11063.75,11052.25,11053.5,-1.0626998396758365,-1.0481574200724866,-1.181947680423305,-1.167405260819955,2203,-640,11178.63804201778,0.2884426714713712
2022-10-20 14:26:00,11053.0,11067.25,11052.5,11059.5,-1.173222228661295,-1.0074386451831072,-1.179039196502635,-1.097601646723876,1428,280,11178.336988069224,0.28494022919686435
2022-10-20 14:28:00,11059.0,11064.5,11050.5,11057.75,-1.1034186145652158,-1.0394319683104767,-1.2023070678679946,-1.1179610341685657,1701,178,11177.973215771086,0.2807081256771936
2022-10-20 14:30:00,11057.25,11066.25,11051.5,11056.25,-1.1237780020099057,-1.019072580865787,-1.1906731321853148,-1.1354119376925855,2011,101,11177.55083921911,0.27579422403762405
2022-10-20 14:32:00,11056.0,11077.25,11054.5,11076.0,-1.1383204216132554,-0.8910992883563088,-1.1557713251372752,-0.9056417079596586,2494,675,11177.06181293116,0.2701049236564801
2022-10-20 14:34:00,11076.0,11088.25,11074.25,11077.75,-0.9056417079596586,-0.7631259958468305,-0.9260010954043483,-0.8852823205149689,2340,270,11176.66977258301,0.265543951461103
2022-10-20 14:36:00,11077.75,11089.0,11073.25,11085.0,-0.8852823205149689,-0.7544005440848206,-0.9376350310870282,-0.80093628681554,1781,87,11176.373141756441,0.2620929675032835
2022-10-20 14:38:00,11084.75,11084.75,11068.75,11074.0,-0.80384477073621,-0.80384477073621,-0.9899877416590874,-0.9289095793250183,1555,-238,11176.103826829967,0.2589597749703089
2022-10-20 14:40:00,11074.25,11074.75,11063.0,11066.75,-0.9260010954043483,-0.9201841275630084,-1.0568828718344965,-1.0132556130244472,1599,-39,11175.806575213153,0.2555015687787189
2022-10-20 14:42:00,11066.25,11068.25,11049.5,11054.75,-1.019072580865787,-0.9958047095004273,-1.2139410035506744,-1.1528628412166053,1914,-497,11175.419852892896,0.25100246617778654
2022-10-20 14:44:00,11054.25,11064.0,11041.25,11046.25,-1.158679809057945,-1.0452489361518167,-1.3099209729327832,-1.2517512945193838,3170,-505,11174.750904582934,0.243219964564647
2022-10-20 14:46:00,11045.75,11064.5,11042.0,11063.0,-1.2575682623607238,-1.0394319683104767,-1.3011955211707733,-1.0568828718344965,1819,478,11174.372279075305,0.23881505976107562
2022-10-20 14:48:00,11063.25,11068.75,11058.75,11060.75,-1.0539743879138266,-0.9899877416590874,-1.106327098485886,-1.0830592271205262,1493,-62,11174.090057201689,0.2355317086351695
2022-10-20 14:50:00,11060.5,11065.25,11053.0,11065.0,-1.085967711041196,-1.030706516548467,-1.173222228661295,-1.033615000469137,1470,-15,11173.801997894934,0.2321804451875952
2022-10-20 14:52:00,11064.75,11080.25,11063.5,11080.25,-1.0365234843898068,-0.8561974813082692,-1.0510659039931567,-0.8561974813082692,1966,470,11173.461575165718,0.2282199890509866
2022-10-20 14:54:00,11080.0,11083.5,11076.25,11077.75,-0.8591059652289392,-0.8183871903395598,-0.9027332240389886,-0.8852823205149689,1560,-88,11173.214212283508,0.22534218518905566
2022-10-20 14:56:00,11078.5,11096.25,11076.25,11095.0,-0.876556868752959,-0.6700545103853918,-0.9027332240389886,-0.6845969299887416,1986,184,11172.922565443303,0.22194918460804666
2022-10-20 14:58:00,11095.25,11103.0,11083.0,11083.75,-0.6816884460680717,-0.5915254445273028,-0.8242041581808996,-0.8154787064188898,2191,10,11172.62795684769,0.21852172715511975
2022-10-20 15:00:00,11084.25,11097.5,11082.75,11096.0,-0.8096617385775499,-0.655512090782042,-0.8271126421015697,-0.6729629943060618,1788,116,11172.380518970229,0.21564305080328225
2022-10-20 15:02:00,11095.75,11097.25,11088.75,11094.75,-0.6758714782267317,-0.6584205747027119,-0.7573090280054906,-0.6875054139094116,1320,-240,11172.205148487592,0.21360280188765382
2022-10-20 15:04:00,11094.75,11095.25,11082.5,11089.0,-0.6875054139094116,-0.6816884460680717,-0.8300211260222397,-0.7544005440848206,1615,-160,11171.98051680337,0.2109894513211239
2022-10-20 15:06:00,11089.25,11120.25,11084.0,11111.0,-0.7514920601641507,-0.3908400540010755,-0.8125702224982199,-0.4984539590658641,3618,387,11171.561191772686,0.2061110508839967
2022-10-20 15:08:00,11111.5,11118.5,11105.25,11110.75,-0.49263699122452415,-0.41119944144576526,-0.5653490892412731,-0.5013624429865341,2625,-76,11171.302372061406,0.2030999590095619
2022-10-20 15:10:00,11110.25,11114.75,11096.75,11102.5,-0.507179410827874,-0.4548267002558147,-0.6642375425440519,-0.5973424123686427,1902,-338,11171.097052330913,0.20071128247063671
2022-10-20 15:12:00,11102.5,11109.25,11092.25,11102.75,-0.5973424123686427,-0.5188133465105538,-0.7165902531161111,-0.5944339284479728,1278,77,11170.949313220899,0.19899249516689455
2022-10-20 15:14:00,11102.75,11109.0,11097.5,11100.75,-0.5944339284479728,-0.5217218304312238,-0.655512090782042,-0.6177017998133325,1244,-179,11170.811199618547,0.19738569040023177
2022-10-20 15:16:00,11100.25,11104.75,11088.0,11090.5,-0.6235187676546724,-0.5711660570826131,-0.7660344797675005,-0.7369496405608008,1740,-442,11170.599398745408,0.19492161266458918
2022-10-20 15:18:00,11090.0,11097.0,11085.5,11087.25,-0.7427666084021408,-0.6613290586233819,-0.7951193189742001,-0.7747599315295104,1629,-23,11170.388582701886,0.19246899237339427
2022-10-20 15:20:00,11087.5,11090.5,11071.5,11075.25,-0.7718514476088404,-0.7369496405608008,-0.9579944185317179,-0.9143671597216685,2335,-511,11170.049459809221,0.18852365845160288
2022-10-20 15:22:00,11075.5,11081.0,11069.25,11072.75,-0.9114586758009985,-0.8474720295462593,-0.9841707738177475,-0.9434519989283681,1425,130,11169.830191018995,0.18597269944889191
2022-10-20 15:24:00,11073.0,11090.0,11071.5,11079.5,-0.9405435150076982,-0.7427666084021408,-0.9579944185317179,-0.8649229330702791,1751,326,11169.578063550973,0.1830394647020862
2022-10-20 15:26:00,11079.75,11088.5,11071.0,11071.5,-0.8620144491496092,-0.7602175119261606,-0.9638113863730579,-0.9579944185317179,1874,-201,11169.30678157437,0.1798833876344355
2022-10-20 15:28:00,11070.75,11085.75,11070.0,11082.25,-0.9667198702937277,-0.7922108350535301,-0.9754453220557376,-0.8329296099429095,1567,324,11169.076472968716,0.1772039921290645
2022-10-20 15:30:00,11082.75,11084.5,11059.5,11060.75,-0.8271126421015697,-0.80675325465688,-1.097601646723876,-1.0830592271205262,2400,-377,11168.70339727043,0.17286365345044363
2022-10-20 15:32:00,11060.75,11071.0,11058.5,11068.5,-1.0830592271205262,-0.9638113863730579,-1.1092355824065558,-0.9928962255797574,1545,280,11168.446850954973,0.16987901011678042
2022-10-20 15:34:00,11068.75,11071.25,11056.5,11058.0,-0.9899877416590874,-0.9609029024523879,-1.1325034537719156,-1.1150525502478958,1894,-30,11168.13143659435,0.16620949973190563
2022-10-20 15:36:00,11058.5,11077.5,11056.75,11066.75,-1.1092355824065558,-0.8881908044356388,-1.1295949698512455,-1.0132556130244472,1957,305,11167.81762053692,0.16255858390356248
2022-10-20 15:38:00,11066.75,11081.5,11062.0,11067.0,-1.0132556130244472,-0.8416550617049194,-1.0685168075171765,-1.010347129103777,2039,-565,11167.50764603302,0.15895236046192382
2022-10-20 15:40:00,11066.75,11075.75,11060.75,11073.75,-1.0132556130244472,-0.9085501918803286,-1.0830592271205262,-0.9318180632456883,1350,331,11167.296052371861,0.15649069341714705
2022-10-20 15:42:00,11074.0,11088.75,11066.75,11087.0,-0.9289095793250183,-0.7573090280054906,-1.0132556130244472,-0.7776684154501803,1653,322,11167.062925636132,0.15377851196774808
2022-10-20 15:44:00,11087.0,11094.5,11074.5,11076.0,-0.7776684154501803,-0.6904138978300814,-0.9230926114836784,-0.9056417079596586,2611,-243,11166.724796601955,0.14984474053169294
2022-10-20 15:46:00,11077.0,11097.0,11073.0,11096.5,-0.8940077722769787,-0.6613290586233819,-0.9405435150076982,-0.6671460264647218,1636,380,11166.515619255326,0.1474111847347408
2022-10-20 15:48:00,11096.75,11098.25,11082.75,11094.0,-0.6642375425440519,-0.6467866390200321,-0.8271126421015697,-0.6962308656714215,1691,-263,11166.315044392779,0.14507770968430195
2022-10-20 15:50:00,11093.25,11104.0,11084.25,11095.5,-0.7049563174334313,-0.579891508844623,-0.8096617385775499,-0.6787799621474017,2917,-260,11165.98795117795,0.14127232826076536
2022-10-20 15:52:00,11095.25,11115.0,11090.5,11114.0,-0.6816884460680717,-0.45191821633514473,-0.7369496405608008,-0.46355215201782457,1994,-33,11165.792689201138,0.1390006629812399
2022-10-20 15:54:00,11114.25,11118.0,11096.25,11101.5,-0.46064366809715457,-0.4170164092871052,-0.6700545103853918,-0.6089763480513226,3622,-524,11165.465474250967,0.13519386529652805
2022-10-20 15:56:00,11101.75,11108.25,11095.75,11098.5,-0.6060678641306526,-0.5304472821932337,-0.6758714782267317,-0.6438781550993621,2494,9,11165.222670720988,0.13236910464523918
2022-10-20 15:58:00,11099.0,11100.5,11085.5,11087.25,-0.6380611872580222,-0.6206102837340024,-0.7951193189742001,-0.7747599315295104,8658,-920,11164.27603662829,0.12135602449575536
2022-10-20 16:00:00,11087.5,11105.0,11085.0,11100.25,-0.7718514476088404,-0.5682575731619431,-0.80093628681554,-0.6235187676546724,3779,112,11163.881966563506,0.11677143870758719
2022-10-20 16:02:00,11099.75,11107.0,11096.25,11096.75,-0.6293357354960123,-0.5449897017965835,-0.6700545103853918,-0.6642375425440519,1125,-125,11163.77671727334,0.11554697523515929
2022-10-20 16:04:00,11096.75,11103.75,11089.0,11101.5,-0.6642375425440519,-0.5827999927652929,-0.7544005440848206,-0.6089763480513226,2151,62,11163.559552920118,0.11302049911719651
2022-10-20 16:06:00,11101.5,11103.75,11093.25,11098.5,-0.6089763480513226,-0.5827999927652929,-0.7049563174334313,-0.6438781550993621,911,-185,11163.470895641274,0.11198906603732126
2022-10-20 16:08:00,11098.25,11108.75,11097.25,11107.25,-0.6467866390200321,-0.5246303143518938,-0.6584205747027119,-0.5420812178759135,735,51,11163.404484420013,0.1112164421605611
2022-10-20 16:10:00,11107.0,11126.75,11065.75,11080.25,-0.5449897017965835,-0.3152194720636565,-1.024889548707127,-0.8561974813082692,7922,-1284,11162.618874394915,0.10207670565691061
2022-10-20 16:12:00,11080.0,11094.0,11073.5,11082.0,-0.8591059652289392,-0.6962308656714215,-0.9347265471663582,-0.8358380938635795,1731,1,11162.417784084464,0.09973723391872005
2022-10-20 16:14:00,11082.25,11097.75,11071.0,11072.75,-0.8329296099429095,-0.652603606861372,-0.9638113863730579,-0.9434519989283681,2622,-60,11162.11753628962,0.09624417038461049
2022-10-20 16:16:00,11073.25,11078.25,11069.25,11071.75,-0.9376350310870282,-0.8794653526736289,-0.9841707738177475,-0.955085934611048,752,33,11162.020139187112,0.09511105875836451
2022-10-20 16:18:00,11072.0,11075.0,11065.25,11072.5,-0.952177450690378,-0.9172756436423384,-1.030706516548467,-0.9463604828490381,579,99,11161.942221122277,0.09420456500355559
2022-10-20 16:20:00,11072.0,11074.75,11057.75,11058.75,-0.952177450690378,-0.9201841275630084,-1.1179610341685657,-1.106327098485886,628,-130,11161.85429779514,0.09318167067063785
